{
  "items": [
    {
      "sys": { "id": "1" },
      "fields": {
        "title": "olaf cake",
        "price": 3000,
        "image": { "fields": { "file": { "url": "./images/product-1.jpeg" } } }
      }
    },
    {
      "sys": { "id": "2" },
      "fields": {
        "title": "cupcakes",
        "price": 500,
        "image": { "fields": { "file": { "url": "./images/product-2.jpeg" } } }
      }
    },
    {
      "sys": { "id": "3" },
      "fields": {
        "title": "passion fruit cake",
        "price": 700,
        "image": { "fields": { "file": { "url": "./images/product-3.jpeg" } } }
      }
    },
    {
      "sys": { "id": "4" },
      "fields": {
        "title": "karikk cake",
        "price": 900,
        "image": { "fields": { "file": { "url": "./images/product-4.jpeg" } } }
      }
    },
    {
      "sys": { "id": "5" },
      "fields": {
        "title": "valentine cake",
        "price": 1000,
        "image": { "fields": { "file": { "url": "./images/product-5.jpeg" } } }
      }
    },
    {
      "sys": { "id": "6" },
      "fields": {
        "title": "black forest cake",
        "price": 800,
        "image": { "fields": { "file": { "url": "./images/product-6.jpeg" } } }
      }
    },
    {
      "sys": { "id": "7" },
      "fields": {
        "title": "red velvet cake",
        "price": 900,
        "image": { "fields": { "file": { "url": "./images/product-7.jpeg" } } }
      }
    },
    {
      "sys": { "id": "8" },
      "fields": {
        "title": "designer's cake",
        "price": 1200,
        "image": { "fields": { "file": { "url": "./images/product-8.jpeg" } } }
      }
    }
  ]
}
